<?xml version="1.0" encoding="UTF-8" standalone="no"?>
<LoganContent xmlns="http://www.oracle.com/DataCenter/LogAnalyticsStd" content_version="2.99.1.0.0" name="content_ocid1.tenancy.oc1..aaaaaaaaxzpxbcag7zgamh2erlggqro3y63tvm2rbkkjz4z2zskvagupiz7a_1740133411330" oms_version="2.99.1.0.0">
   <Field oms_version="2.99.1.0.0">
      <DisplayName>SuricataSignatureID</DisplayName>
      <FieldType>1</FieldType>
      <IsSystem>0</IsSystem>
      <IsPrimary>1</IsPrimary>
      <DataType>INTEGER</DataType>
      <IsMetricKeyEligible>0</IsMetricKeyEligible>
      <IsMetricValueEligible>0</IsMetricValueEligible>
      <FacetEligible>1</FacetEligible>
      <RangeFacetEligible>0</RangeFacetEligible>
      <TableEligible>1</TableEligible>
      <FacetPriority>1</FacetPriority>
      <Summarizable>1</Summarizable>
      <HighCardinality>1</HighCardinality>
      <LargeData>0</LargeData>
      <MultiValued>0</MultiValued>
      <SMAEnabledSetting>0</SMAEnabledSetting>
   </Field>
   <Field oms_version="2.99.1.0.0">
      <DisplayName>SuricataSignature</DisplayName>
      <FieldType>1</FieldType>
      <IsSystem>0</IsSystem>
      <IsPrimary>1</IsPrimary>
      <DataType>STRING</DataType>
      <IsMetricKeyEligible>0</IsMetricKeyEligible>
      <IsMetricValueEligible>0</IsMetricValueEligible>
      <FacetEligible>1</FacetEligible>
      <RangeFacetEligible>0</RangeFacetEligible>
      <TableEligible>1</TableEligible>
      <FacetPriority>1</FacetPriority>
      <Summarizable>1</Summarizable>
      <HighCardinality>1</HighCardinality>
      <LargeData>0</LargeData>
      <MultiValued>0</MultiValued>
      <SMAEnabledSetting>0</SMAEnabledSetting>
   </Field>
   <Field oms_version="2.99.1.0.0">
      <DisplayName>flow.bytes_toserver</DisplayName>
      <Description>Bytes sent to the server.</Description>
      <FieldType>1</FieldType>
      <IsSystem>0</IsSystem>
      <IsPrimary>1</IsPrimary>
      <DataType>INTEGER</DataType>
      <IsMetricKeyEligible>0</IsMetricKeyEligible>
      <IsMetricValueEligible>0</IsMetricValueEligible>
      <FacetEligible>1</FacetEligible>
      <RangeFacetEligible>0</RangeFacetEligible>
      <TableEligible>1</TableEligible>
      <FacetPriority>1</FacetPriority>
      <Summarizable>1</Summarizable>
      <HighCardinality>1</HighCardinality>
      <LargeData>0</LargeData>
      <MultiValued>0</MultiValued>
      <SMAEnabledSetting>0</SMAEnabledSetting>
   </Field>
   <Field oms_version="2.99.1.0.0">
      <DisplayName>flow.nbytes_toclient</DisplayName>
      <Description>Bytes received from the server.</Description>
      <FieldType>1</FieldType>
      <IsSystem>0</IsSystem>
      <IsPrimary>1</IsPrimary>
      <DataType>INTEGER</DataType>
      <IsMetricKeyEligible>0</IsMetricKeyEligible>
      <IsMetricValueEligible>0</IsMetricValueEligible>
      <FacetEligible>1</FacetEligible>
      <RangeFacetEligible>0</RangeFacetEligible>
      <TableEligible>1</TableEligible>
      <FacetPriority>1</FacetPriority>
      <Summarizable>1</Summarizable>
      <HighCardinality>1</HighCardinality>
      <LargeData>0</LargeData>
      <MultiValued>0</MultiValued>
      <SMAEnabledSetting>0</SMAEnabledSetting>
   </Field>
   <Field oms_version="2.99.1.0.0">
      <DisplayName>flow.pkts_toserver</DisplayName>
      <Description>Packets sent to the server.</Description>
      <FieldType>1</FieldType>
      <IsSystem>0</IsSystem>
      <IsPrimary>1</IsPrimary>
      <DataType>INTEGER</DataType>
      <IsMetricKeyEligible>0</IsMetricKeyEligible>
      <IsMetricValueEligible>0</IsMetricValueEligible>
      <FacetEligible>1</FacetEligible>
      <RangeFacetEligible>0</RangeFacetEligible>
      <TableEligible>1</TableEligible>
      <FacetPriority>1</FacetPriority>
      <Summarizable>1</Summarizable>
      <HighCardinality>1</HighCardinality>
      <LargeData>0</LargeData>
      <MultiValued>0</MultiValued>
      <SMAEnabledSetting>0</SMAEnabledSetting>
   </Field>
   <Field oms_version="2.99.1.0.0">
      <DisplayName>flow.pkts_toclient</DisplayName>
      <Description>Packets received from the server.</Description>
      <FieldType>1</FieldType>
      <IsSystem>0</IsSystem>
      <IsPrimary>1</IsPrimary>
      <DataType>INTEGER</DataType>
      <IsMetricKeyEligible>0</IsMetricKeyEligible>
      <IsMetricValueEligible>0</IsMetricValueEligible>
      <FacetEligible>1</FacetEligible>
      <RangeFacetEligible>0</RangeFacetEligible>
      <TableEligible>1</TableEligible>
      <FacetPriority>1</FacetPriority>
      <Summarizable>1</Summarizable>
      <HighCardinality>1</HighCardinality>
      <LargeData>0</LargeData>
      <MultiValued>0</MultiValued>
      <SMAEnabledSetting>0</SMAEnabledSetting>
   </Field>
   <Parser oms_version="2.99.1.0.0" tokenize_orig_text="1" type="6">
      <Name>SuricataAlerts</Name>
      <DisplayName>SuricataAlerts</DisplayName>
      <Description>Parsers used to map Suricata Logs from OCI Logging for event type alert</Description>
      <IsSingleLineContent>0</IsSingleLineContent>
      <HeaderContent>$.data:0</HeaderContent>
      <ExampleContent>{
  "id": "a8a52ca8-8528-4ef0-8f81-5c4c7c7324a5",
  "time": "2025-02-21T10:18:12.597Z",
  "oracle": {
    "compartmentid": "ocid1.compartment.oc1..aaaaaaaagy3yddkkampnhj3cqm5ar7w2p7tuq5twbojyycvol6wugfav3ckq",
    "ingestedtime": "2025-02-21T10:18:38.848047420Z",
    "instanceid": "ocid1.instance.oc1.eu-frankfurt-1.antheljrttkvkkicuelccnj4ouhki4ubskiasx35rvjbfs5ijxrskpa5v4xa",
    "loggroupid": "ocid1.loggroup.oc1.eu-frankfurt-1.amaaaaaattkvkkiaoyldkviyjh52nhxrubshx7ibx5ixishhvwegvhmryfmq",
    "logid": "ocid1.log.oc1.eu-frankfurt-1.amaaaaaattkvkkia6li66xegvyxtbib54fjdtvsl3pjadviwf7tepdycucja",
    "tenantid": "ocid1.tenancy.oc1..aaaaaaaaxzpxbcag7zgamh2erlggqro3y63tvm2rbkkjz4z2zskvagupiz7a"
  },
  "source": "Suricata",
  "specversion": "1.0",
  "subject": "/var/log/suricata/eve.json",
  "type": "com.oraclecloud.logging.custom.Suricatalogs",
  "data": {
    "alert\\naction": "allowed",
    "alert\\ncategory": "Generic Protocol Command Decode",
    "alert\\ngid": 1,
    "alert\\nrev": 2,
    "alert\\nseverity": 3,
    "alert\\nsignature": "SURICATA STREAM ESTABLISHED SYN resend",
    "alert\\nsignature_id": 2210026,
    "dest_ip": "192.168.56.22",
    "dest_port": 445,
    "direction": "to_server",
    "event_type": "alert",
    "flow\\nbytes_toclient": 52,
    "flow\\nbytes_toserver": 259,
    "flow\\ndest_ip": "192.168.56.22",
    "flow\\ndest_port": 445,
    "flow\\npkts_toclient": 1,
    "flow\\npkts_toserver": 4,
    "flow\\nsrc_ip": "192.168.56.11",
    "flow\\nsrc_port": 51900,
    "flow\\nstart": "2025-02-21T10:18:12.597136+0000",
    "flow_id": 1157306541013707,
    "in_iface": "enp1s0",
    "pkt_src": "vxlan encapsulation",
    "proto": "TCP",
    "src_ip": "192.168.56.11",
    "src_port": 51900,
    "tailed_path": "/var/log/suricata/eve.json",
    "timestamp": "2025-02-21T10:18:12.597255+0000",
    "tunnel\\ndepth": 1,
    "tunnel\\ndest_ip": "192.168.56.30",
    "tunnel\\ndest_port": 4789,
    "tunnel\\npkt_src": "wire/pcap",
    "tunnel\\nproto": "UDP",
    "tunnel\\nsrc_ip": "192.168.56.11",
    "tunnel\\nsrc_port": 51994
  }
}</ExampleContent>
      <IsSystem>0</IsSystem>
      <Encoding>UTF-8</Encoding>
      <Language>en_US</Language>
      <ParserFields>
         <ParserField>
            <FieldSeq>1</FieldSeq>
            <FieldName>actn</FieldName>
            <StructuredColInfo>$.alert\naction</StructuredColInfo>
         </ParserField>
         <ParserField>
            <FieldSeq>2</FieldSeq>
            <FieldName>cat</FieldName>
            <StructuredColInfo>$.alert\ncategory</StructuredColInfo>
         </ParserField>
         <ParserField>
            <FieldSeq>5</FieldSeq>
            <FieldName>destip</FieldName>
            <StructuredColInfo>$.dest_ip</StructuredColInfo>
         </ParserField>
         <ParserField>
            <FieldSeq>10</FieldSeq>
            <FieldName>destip</FieldName>
            <StructuredColInfo>$.flow\ndest_ip</StructuredColInfo>
         </ParserField>
         <ParserField>
            <FieldSeq>6</FieldSeq>
            <FieldName>destport</FieldName>
            <StructuredColInfo>$.dest_port</StructuredColInfo>
         </ParserField>
         <ParserField>
            <FieldSeq>11</FieldSeq>
            <FieldName>destport</FieldName>
            <StructuredColInfo>$.flow\ndest_port</StructuredColInfo>
         </ParserField>
         <ParserField>
            <FieldSeq>7</FieldSeq>
            <FieldName>eventtype</FieldName>
            <StructuredColInfo>$.event_type</StructuredColInfo>
         </ParserField>
         <ParserField>
            <FieldSeq>16</FieldSeq>
            <FieldName>flowid</FieldName>
            <StructuredColInfo>$.flow_id</StructuredColInfo>
         </ParserField>
         <ParserField>
            <FieldSeq>17</FieldSeq>
            <FieldName>if</FieldName>
            <StructuredColInfo>$.in_iface</StructuredColInfo>
         </ParserField>
         <ParserField>
            <FieldSeq>14</FieldSeq>
            <FieldName>srcip</FieldName>
            <StructuredColInfo>$.flow\nsrc_ip</StructuredColInfo>
         </ParserField>
         <ParserField>
            <FieldSeq>19</FieldSeq>
            <FieldName>srcip</FieldName>
            <StructuredColInfo>$.src_ip</StructuredColInfo>
         </ParserField>
         <ParserField>
            <FieldSeq>15</FieldSeq>
            <FieldName>srcport</FieldName>
            <StructuredColInfo>$.flow\nsrc_port</StructuredColInfo>
         </ParserField>
         <ParserField>
            <FieldSeq>20</FieldSeq>
            <FieldName>srcport</FieldName>
            <StructuredColInfo>$.src_port</StructuredColInfo>
         </ParserField>
         <ParserField>
            <FieldSeq>18</FieldSeq>
            <FieldName>tranprot</FieldName>
            <StructuredColInfo>$.proto</StructuredColInfo>
         </ParserField>
         <ParserField>
            <FieldSeq>4</FieldSeq>
            <FieldName>udfi29</FieldName>
            <StructuredColInfo>$.alert\nsignature_id</StructuredColInfo>
         </ParserField>
         <ParserField>
            <FieldSeq>9</FieldSeq>
            <FieldName>udfi30</FieldName>
            <StructuredColInfo>$.flow\nbytes_toserver</StructuredColInfo>
         </ParserField>
         <ParserField>
            <FieldSeq>8</FieldSeq>
            <FieldName>udfi31</FieldName>
            <StructuredColInfo>$.flow\nbytes_toclient</StructuredColInfo>
         </ParserField>
         <ParserField>
            <FieldSeq>13</FieldSeq>
            <FieldName>udfi32</FieldName>
            <StructuredColInfo>$.flow\npkts_toserver</StructuredColInfo>
         </ParserField>
         <ParserField>
            <FieldSeq>12</FieldSeq>
            <FieldName>udfi33</FieldName>
            <StructuredColInfo>$.flow\npkts_toclient</StructuredColInfo>
         </ParserField>
         <ParserField>
            <FieldSeq>3</FieldSeq>
            <FieldName>udfs112</FieldName>
            <StructuredColInfo>$.alert\nsignature</StructuredColInfo>
         </ParserField>
      </ParserFields>
      <WrittenOnce>0</WrittenOnce>
      <IsDefaultParser>1</IsDefaultParser>
   </Parser>
   <FieldNameMaps>
      <FieldNameMap>
         <Name>udfi29</Name>
         <DisplayName>SuricataSignatureID</DisplayName>
      </FieldNameMap>
      <FieldNameMap>
         <Name>udfs112</Name>
         <DisplayName>SuricataSignature</DisplayName>
      </FieldNameMap>
      <FieldNameMap>
         <Name>udfi30</Name>
         <DisplayName>flow.bytes_toserver</DisplayName>
      </FieldNameMap>
      <FieldNameMap>
         <Name>udfi31</Name>
         <DisplayName>flow.nbytes_toclient</DisplayName>
      </FieldNameMap>
      <FieldNameMap>
         <Name>udfi32</Name>
         <DisplayName>flow.pkts_toserver</DisplayName>
      </FieldNameMap>
      <FieldNameMap>
         <Name>udfi33</Name>
         <DisplayName>flow.pkts_toclient</DisplayName>
      </FieldNameMap>
   </FieldNameMaps>
</LoganContent>
